<?xml version="1.0" encoding="ISO-8859-1"?>
<!DOCTYPE jhelpdev PUBLIC "-//jhelpdev.sourcefore.net//JHelpDev Configuration Settings 1.2" "http://jhelpdev.sourceforge.net/dtd/jhelpdev_1_2.dtd"><!--generated by JHelpDev Version: 0.62, 10 November 2006, see jhelpdev.sourceforge.org-->

<jhelpdev version="1.2">
 <config>
  <project>
OSLC
  </project>
  <projectdir>
/home/verbena/asd
  </projectdir>
  <startpage>
index.html
  </startpage>
  <popupicon>
imgs/popup.gif
  </popupicon>
 </config>
 <view>
  <helptitle>
Help
  </helptitle>
  <toc showing="yes" label="TOC"/>

  <index showing="no" label="Index"/>

  <search showing="no" label="Search"/>

 </view>
 <encoding value="ISO-8859-1"/>

</jhelpdev>